MATCHUP_ID;Site;PI;Lat_IS;Lon_IS;TIME_IS;PQC;MQC;land_dist_IS;Theta_S;Rho_wn_IS_412;Rho_wn_IS_443;Rho_wn_IS_490;Rho_wn_IS_510;Rho_wn_IS_560;Rho_wn_IS_620;Rho_wn_IS_665;Rho_wn_IS_681;Rho_wn_IS_708;Rho_wn_IS_753;Rho_wn_IS_760;Rho_wn_IS_778;Lw_IS_412;Lw_IS_443;Lw_IS_490;Lw_IS_510;Lw_IS_560;Lw_IS_620;Lw_IS_665;Lw_IS_681;Lw_IS_708;Lw_IS_753;Lw_IS_760;Lw_IS_778;Es_IS_412;Es_IS_443;Es_IS_490;Es_IS_510;Es_IS_560;Es_IS_620;Es_IS_665;Es_IS_681;Es_IS_708;Es_IS_753;Es_IS_760;Es_IS_778
ChesapeakeBay_0_b_oc;ChesapeakeBay;MichaelOndrusek ;    38.871;   -76.443;20080104T121339Z;P11100100;M111011002101112022;     4.000;    92.814;       0.008935;       0.011457;       0.016795;       0.019576;       0.029274;       0.022224;       0.014141;       0.013707;       0.012341;       0.001165;       0.000927;       0.005108;       1.729113;       2.611137;       4.395435;       5.126369;       7.615287;       5.227728;       3.211176;       2.962406;       2.536176;       0.203036;       0.107704;       0.899014;     571.944092;     661.196045;     733.082153;     725.628174;     703.774902;     655.391724;     638.116699;     611.389709;     586.873047;     497.607178;     331.769989;     502.639709
ChesapeakeBay_1_b_oc;ChesapeakeBay;MichaelOndrusek ;    38.872;   -76.443;20080104T121429Z;P11100100;M111011002101112022;     4.000;    92.641;       0.003985;       0.007516;       0.013100;       0.015760;       0.024825;       0.018659;       0.011536;       0.011457;       0.009564;       0.000344;       0.000322;       0.000277;       0.761347;       1.688796;       3.375224;       4.061491;       6.348948;       4.313108;       2.572631;       2.431476;       1.931014;       0.058862;       0.036768;       0.047898;     564.639038;     651.880493;     721.672974;     714.094788;     691.918823;     644.025818;     626.667297;     600.404785;     576.581543;     488.531372;     325.751007;     493.462677
ChesapeakeBay_2_b_oc;ChesapeakeBay;MichaelOndrusek ;    38.872;   -76.443;20080104T121619Z;P11100100;M111011002101112022;     4.000;    92.296;       0.006136;       0.009696;       0.014743;       0.017253;       0.026367;       0.019502;       0.012094;       0.011470;       0.010065;       0.000623;       0.000639;       0.045937;       1.161994;       2.157104;       3.755623;       4.394800;       6.660712;       4.448715;       2.662457;       2.402853;       2.005430;       0.105103;       0.072049;       7.839701;     559.711426;     645.422729;     713.545593;     705.827881;     683.424194;     635.557739;     618.617249;     592.664062;     568.969360;     482.069214;     321.792175;     487.349274
ChesapeakeBay_3_b_oc;ChesapeakeBay;MichaelOndrusek ;    38.873;   -76.443;20080104T121724Z;P11100100;M111011002101112022;     4.000;    92.124;       0.006551;       0.008824;       0.014238;       0.016813;       0.026009;       0.019389;       0.012237;       0.012202;       0.010263;       0.000945;       0.003824;       0.009894;       1.213404;       1.915295;       3.529634;       4.164454;       6.381246;       4.292739;       2.613750;       2.479494;       1.983694;       0.154823;       0.417593;       1.637784;     547.388184;     629.704346;     694.366699;     686.336548;     663.775757;     616.847473;     600.217224;     574.841675;     551.964539;     467.823029;     311.884583;     472.683075
ChesapeakeBay_4_b_oc;ChesapeakeBay;MichaelOndrusek ;    38.729;   -76.440;20080306T111336Z;P11100100;M111011002101112022;     5.000;    94.178;       0.006496;       0.008118;       0.010790;       0.011939;       0.017631;       0.010783;       0.006670;       0.006505;       0.004865;       0.000599;       0.000623;       0.001483;       1.948136;       2.827533;       4.250766;       4.691437;       6.885760;       3.794334;       2.227087;       2.071430;       1.448836;       0.153810;       0.112991;       0.382516;     886.334839;    1010.472717;    1103.514160;    1088.850830;    1056.625610;     980.398010;     938.275696;     900.811768;     850.450806;     733.310059;     517.687256;     736.364746
ChesapeakeBay_5_b_oc;ChesapeakeBay;MichaelOndrusek ;    38.833;   -76.416;20080306T114231Z;P11100100;M111011002101112022;     3.000;    88.544;       0.009642;       0.011520;       0.014970;       0.016808;       0.024368;       0.016514;       0.010456;       0.010055;       0.008172;       0.001053;       0.000867;       0.001024;       2.999368;       4.159157;       6.109708;       6.844739;       9.868731;       6.025928;       3.617817;       3.316433;       2.523736;       0.280869;       0.163720;       0.274538;     919.337036;    1047.425659;    1143.214600;    1128.420532;    1095.676514;    1016.682678;     972.272095;     933.036194;     881.865112;     761.953674;     539.333923;     765.514771
ChesapeakeBay_6_b_oc;ChesapeakeBay;MichaelOndrusek ;    38.833;   -76.416;20080306T114259Z;P11100100;M111011002101112022;     3.000;    88.544;       0.002173;       0.003264;       0.003800;       0.003769;       0.002748;       0.004950;       0.004930;       0.004858;       0.003740;       0.000356;       0.000340;       0.000297;       0.669662;       1.165192;       1.527399;       1.507254;       1.084463;       1.762577;       1.676616;       1.589785;       1.152998;       0.094805;       0.064242;       0.079496;     933.861084;    1065.294922;    1164.368652;    1149.783936;    1117.406372;    1037.943237;     993.200439;     953.521179;     901.581665;     778.554565;     551.756348;     783.153442
ChesapeakeBay_7_b_oc;ChesapeakeBay;MichaelOndrusek ;    38.940;   -76.391;20080306T121432Z;P11100100;M111011002101112022;     1.000;    82.423;       0.011520;       0.013579;       0.015592;       0.016991;       0.025298;       0.018088;       0.011441;       0.011729;       0.009615;       0.002027;       0.001371;       0.002543;       3.714489;       5.084720;       6.605829;       7.187673;      10.651032;       6.869301;       4.120265;       4.028878;       3.093379;       0.563410;       0.271196;       0.710977;     952.916626;    1086.377441;    1186.747925;    1172.159546;    1139.028809;    1058.094116;    1011.967468;     971.779175;     918.702454;     793.611450;     564.748413;     798.491699
ChesapeakeBay_8_b_oc;ChesapeakeBay;MichaelOndrusek ;    38.940;   -76.391;20080306T121616Z;P11100100;M111011002101112022;     1.000;    82.044;       0.009020;       0.009328;       0.011673;       0.013579;       0.023030;       0.017368;       0.010041;       0.010354;       0.010225;       0.001065;       0.000777;       0.002823;       2.918517;       3.505261;       4.960899;       5.762782;       9.725504;       6.616149;       3.626231;       3.565432;       3.298314;       0.296653;       0.154003;       0.791570;     956.296509;    1090.181519;    1190.401367;    1175.911621;    1142.476074;    1061.327393;    1014.786072;     974.184326;     921.118835;     795.594788;     565.843689;     800.698120
ChesapeakeBay_9_b_oc;ChesapeakeBay;MichaelOndrusek ;    38.942;   -76.421;20080306T122911Z;P11100100;M111011002101112022;     3.000;    79.619;       0.005885;       0.005180;       0.007492;       0.009577;       0.021949;       0.018333;       0.008764;       0.009796;       0.013172;       0.002588;       0.002780;       0.001964;       1.657032;       1.649821;       2.569631;       3.212468;       7.143731;       5.524182;       2.517486;       2.727040;       3.479239;       0.590217;       0.450824;       0.450179;     894.522400;    1015.580811;    1104.304932;    1089.262451;    1055.911865;     978.598633;     934.391479;     897.062439;     847.393188;     731.708130;     520.337769;     735.530518
ChesapeakeBay_10_b_oc;ChesapeakeBay;MichaelOndrusek ;    38.942;   -76.421;20080306T122940Z;P11100100;M111011002101112022;     3.000;    79.619;       0.013919;       0.018127;       0.016728;       0.016759;       0.023904;       0.017978;       0.011459;       0.011972;       0.010082;       0.005011;       0.005263;       0.000540;       4.476137;       6.777905;       7.080544;       7.086917;      10.071598;       6.837957;       4.133760;       4.119773;       3.251675;       1.395702;       1.043391;       0.151593;     950.414734;    1084.801514;    1185.601562;    1171.760376;    1139.896973;    1059.696655;    1013.723206;     973.467529;     921.000427;     795.394226;     566.174988;     801.281250
ChesapeakeBay_11_b_oc;ChesapeakeBay;MichaelOndrusek ;    38.942;   -76.421;20080306T123030Z;P11100100;M111011002101112022;     3.000;    79.432;       0.021781;       0.024418;       0.021377;       0.020477;       0.026280;       0.020857;       0.014726;       0.015996;       0.013354;       0.003147;       0.001506;       0.002269;       7.158479;       9.335071;       9.270581;       8.876685;      11.372481;       8.141431;       5.451712;       5.648680;       4.415746;       0.898151;       0.305730;       0.651724;     971.328064;    1109.115723;    1214.748657;    1201.209595;    1170.762329;    1087.553345;    1040.298096;     998.967834;     944.249146;     814.867432;     579.620911;     820.385132
ChesapeakeBay_12_b_oc;ChesapeakeBay;MichaelOndrusek ;    38.942;   -76.421;20080306T123123Z;P11100100;M111011002101112022;     3.000;    79.245;       0.020086;       0.024218;       0.025626;       0.026296;       0.033496;       0.026419;       0.018223;       0.017786;       0.016114;       0.003624;       0.004304;       0.003863;       6.698337;       9.400966;      11.293730;      11.585118;      14.736566;      10.486382;       6.855606;       6.382704;       5.418221;       1.050969;       0.887194;       1.129180;     985.620361;    1126.179443;    1234.451172;    1220.770752;    1190.255981;    1105.898438;    1057.116821;    1015.224365;     960.189270;     828.066650;     588.585571;     834.635315
ChesapeakeBay_13_b_oc;ChesapeakeBay;MichaelOndrusek ;    38.867;   -76.486;20080306T125131Z;P11100100;M111011002101112022;     1.000;    75.561;       0.018668;       0.024125;       0.027221;       0.028058;       0.035900;       0.025815;       0.017458;       0.015952;       0.012897;       0.001235;       0.000550;       0.002243;       6.034754;       9.059132;      11.573498;      11.915998;      15.200986;       9.849001;       6.311740;       5.502796;       4.164321;       0.343694;       0.108561;       0.628373;     955.411865;    1089.397583;    1190.896606;    1176.786743;    1145.557617;    1062.959961;    1015.916138;     975.900146;     922.090454;     794.752502;     563.955933;     799.862366
ChesapeakeBay_14_b_oc;ChesapeakeBay;MichaelOndrusek ;    38.867;   -76.486;20080306T125225Z;P11100100;M111011002101112022;     1.000;    75.377;       0.015740;       0.024365;       0.027356;       0.028311;       0.036472;       0.026069;       0.017636;       0.015650;       0.012761;       0.000971;       0.000586;       0.001022;       5.083740;       9.145405;      11.634391;      12.024145;      15.444482;       9.951839;       6.378947;       5.397780;       4.122144;       0.270524;       0.115859;       0.286158;     954.590454;    1088.931763;    1191.271851;    1176.851318;    1145.636108;    1063.591187;    1016.360352;     975.751404;     922.429871;     795.919434;     564.911926;     799.500610
ChesapeakeBay_15_b_oc;ChesapeakeBay;MichaelOndrusek ;    38.901;   -76.427;20080311T120201Z;P11100100;M111011002101112022;     3.000;    83.230;       0.112572;       0.099516;       0.093908;       0.094608;       0.113754;       0.108705;       0.084009;       0.083458;       0.084004;       0.039279;       0.044393;       0.037660;      34.052704;      35.110535;      37.617390;      37.856651;      45.319618;      39.081116;      28.815815;      27.349117;      25.902002;      10.407612;       8.307683;      10.042702;     894.024536;    1023.563477;    1122.039062;    1108.767334;    1077.845337;    1001.661743;     963.848938;     927.048706;     880.517822;     756.654724;     534.407471;     761.511536
ChesapeakeBay_16_b_oc;ChesapeakeBay;MichaelOndrusek ;    38.900;   -76.427;20080311T120238Z;P11100100;M111011002101112022;     3.000;    83.230;       0.024109;       0.072631;       0.048676;       0.049224;       0.067131;       0.065374;       0.046254;       0.045309;       0.051781;       0.022210;       0.008331;       0.060958;       7.268693;      25.487612;      19.359135;      19.540585;      26.509592;      23.286684;      15.751784;      14.745173;      15.879889;       5.861082;       1.555598;      16.188480;     896.273438;    1024.881470;    1122.747314;    1109.417603;    1079.407715;    1003.080566;     965.735535;     927.182678;     880.758118;     757.875977;     536.284119;     762.689697
ChesapeakeBay_17_b_oc;ChesapeakeBay;MichaelOndrusek ;    38.900;   -76.427;20080311T120330Z;P11100100;M111011002101112022;     3.000;    83.038;       0.025271;       0.048435;       0.057811;       0.063779;       0.084081;       0.077507;       0.058412;       0.055263;       0.051654;       0.012392;       0.009490;       0.010464;       7.674589;      17.135517;      23.221308;      25.582346;      33.592304;      27.967167;      20.100735;      18.137699;      15.974953;       3.299554;       1.782943;       2.802852;     897.556091;    1026.394653;    1125.118530;    1111.445312;    1080.873901;    1005.330688;     966.970337;     928.496216;     883.166443;     760.377808;     536.525757;     764.936157
ChesapeakeBay_18_b_oc;ChesapeakeBay;MichaelOndrusek ;    38.787;   -76.414;20080416T104849Z;P11100100;M111011002101112022;     2.000;    87.064;       0.012663;       0.014071;       0.020159;       0.023953;       0.032754;       0.023103;       0.015309;       0.013433;       0.011460;       0.000646;       0.005793;       0.001505;       3.959374;       5.102975;       8.256201;       9.793274;      13.297946;       8.453887;       5.322729;       4.457493;       3.586896;       0.173847;       1.114475;       0.407482;     924.131531;    1052.145630;    1147.172729;    1132.879150;    1098.389771;    1019.493347;     977.015442;     938.723511;     893.816162;     768.586365;     549.354919;     773.240051
ChesapeakeBay_19_b_oc;ChesapeakeBay;MichaelOndrusek ;    38.787;   -76.414;20080416T104939Z;P11100100;M111011002101112022;     2.000;    86.873;       0.010438;       0.017458;       0.022699;       0.026430;       0.035362;       0.025003;       0.016535;       0.014511;       0.013047;       0.000630;       0.000577;       0.043277;       3.247876;       6.299475;       9.245656;      10.746374;      14.275598;       9.096169;       5.714460;       4.785875;       4.059305;       0.168509;       0.110438;      11.650661;     919.659485;    1046.866089;    1140.889648;    1126.646729;    1092.187500;    1013.617859;     971.127380;     933.014160;     888.478516;     764.280762;     546.403564;     768.761536
ChesapeakeBay_20_b_oc;ChesapeakeBay;MichaelOndrusek ;    38.787;   -76.414;20080416T105012Z;P11100100;M111011002101112022;     2.000;    86.681;       0.009445;       0.013024;       0.018882;       0.022168;       0.030396;       0.021644;       0.014209;       0.012418;       0.010835;       0.001169;       0.000561;       0.000767;       2.945943;       4.710260;       7.706964;       9.032832;      12.297487;       7.892372;       4.921407;       4.105146;       3.377745;       0.313507;       0.107524;       0.206978;     921.871948;    1049.219482;    1143.279297;    1129.086060;    1094.531616;    1015.968384;     973.227600;     935.188477;     890.208740;     765.959839;     547.408936;     770.519043
ChesapeakeBay_21_b_oc;ChesapeakeBay;MichaelOndrusek ;    38.787;   -76.414;20080416T105041Z;P11100100;M111011002101112022;     2.000;    86.681;       0.008484;       0.011912;       0.017116;       0.020107;       0.027742;       0.019844;       0.012796;       0.011354;       0.009839;       0.000586;       0.000352;       0.001775;       2.650022;       4.312618;       6.994977;       8.204082;      11.237571;       7.244217;       4.437926;       3.757655;       3.071000;       0.157384;       0.067495;       0.479562;     923.208130;    1050.371582;    1144.708130;    1130.593872;    1095.879395;    1017.125183;     974.560547;     936.277588;     891.350708;     766.340027;     547.961914;     771.702759
ChesapeakeBay_22_b_oc;ChesapeakeBay;MichaelOndrusek ;    38.787;   -76.414;20080416T105148Z;P11100100;M111011002101112022;     2.000;    86.489;       0.008807;       0.014068;       0.020390;       0.023935;       0.032398;       0.022493;       0.014942;       0.013095;       0.011183;       0.000497;       0.000629;       0.008336;       2.766133;       5.123194;       8.382336;       9.823211;      13.201748;       8.260294;       5.212180;       4.359608;       3.511015;       0.134335;       0.121476;       2.266425;     928.285034;    1056.513062;    1151.526245;    1137.202393;    1102.428223;    1023.183838;     980.184875;     941.835266;     896.559204;     771.183411;     551.783691;     776.362549
ChesapeakeBay_23_b_oc;ChesapeakeBay;MichaelOndrusek ;    38.844;   -76.408;20080416T111120Z;P11100100;M111011002101112022;     2.000;    82.620;       0.019701;       0.021751;       0.030348;       0.034889;       0.047129;       0.031982;       0.023868;       0.021743;       0.015679;       0.003259;       0.020178;       0.004776;       6.911146;       8.843755;      13.938973;      16.007599;      21.522545;      13.155064;       9.306154;       8.090673;       5.502888;       0.983771;       4.379887;       1.449782;    1036.782959;    1179.609863;    1286.524414;    1271.357300;    1235.494873;    1146.018555;    1095.614014;    1052.668945;    1002.256470;     861.902832;     619.841797;     866.797974
ChesapeakeBay_24_b_oc;ChesapeakeBay;MichaelOndrusek ;    38.844;   -76.408;20080416T111154Z;P11100100;M111011002101112022;     2.000;    82.620;       0.013327;       0.024017;       0.033153;       0.037950;       0.050889;       0.034046;       0.025491;       0.022681;       0.016000;       0.007728;       0.000775;       0.000791;       4.649564;       9.714696;      15.141461;      17.320866;      23.104534;      13.919848;       9.883663;       8.390099;       5.585669;       2.318092;       0.167336;       0.238536;    1031.145874;    1173.489746;    1279.262817;    1264.691406;    1228.313965;    1139.124023;    1089.507568;    1046.474854;     996.934082;     856.524719;     616.612427;     861.567627
ChesapeakeBay_25_b_oc;ChesapeakeBay;MichaelOndrusek ;    38.844;   -76.408;20080416T111230Z;P11100100;M111011002101112022;     2.000;    82.427;       0.019641;       0.024018;       0.032637;       0.037332;       0.050247;       0.033870;       0.025471;       0.022425;       0.016145;       0.002052;       0.001731;       0.010384;       6.822034;       9.668342;      14.827228;      16.946375;      22.691807;      13.774198;       9.814036;       8.249700;       5.603763;       0.612218;       0.371820;       3.117003;    1026.516968;    1167.862183;    1272.530518;    1257.808594;    1221.794678;    1133.048584;    1082.701660;    1040.716187;     991.187683;     851.843323;     613.275452;     857.170044
ChesapeakeBay_26_b_oc;ChesapeakeBay;MichaelOndrusek ;    38.844;   -76.408;20080416T111303Z;P11100100;M111011002101112022;     2.000;    82.233;       0.017086;       0.022977;       0.031760;       0.036530;       0.049355;       0.033549;       0.024775;       0.022269;       0.016070;       0.003045;       0.000976;       0.003839;       5.938510;       9.252645;      14.437060;      16.584461;      22.298090;      13.643732;       9.548008;       8.197600;       5.579452;       0.908613;       0.209661;       1.152954;    1027.200195;    1168.250122;    1273.274902;    1257.979004;    1222.272095;    1133.053833;    1082.939453;    1041.382202;     991.479736;     852.089111;     613.648804;     857.525513
ChesapeakeBay_27_b_oc;ChesapeakeBay;MichaelOndrusek ;    38.844;   -76.408;20080416T111338Z;P11100100;M111011002101112022;     2.000;    82.233;       0.022157;       0.028919;       0.035887;       0.040419;       0.053196;       0.035847;       0.027656;       0.024602;       0.017945;       0.002928;       0.002169;       0.014469;       7.706008;      11.656046;      16.324068;      18.365412;      24.044371;      14.594024;      10.667594;       9.060720;       6.235559;       0.874548;       0.466142;       4.349313;    1027.892944;    1169.354736;    1274.123169;    1259.025879;    1222.846802;    1134.292236;    1083.895508;    1041.906494;     992.307678;     852.813110;     613.631653;     858.395081
ChesapeakeBay_28_b_oc;ChesapeakeBay;MichaelOndrusek ;    38.919;   -76.396;20080416T114708Z;P11100100;M111011002101112022;     2.000;    75.615;       0.018973;       0.022667;       0.028005;       0.032330;       0.042278;       0.031241;       0.022988;       0.020741;       0.017189;       0.006057;       0.006899;       0.005071;       7.183013;       9.929166;      13.813354;      15.925487;      20.717308;      13.770364;       9.583765;       8.250377;       6.447872;       1.953774;       1.617303;       1.645128;    1118.933350;    1270.817993;    1381.621826;    1364.929321;    1325.733154;    1228.085205;    1171.463501;    1125.314575;    1071.188232;     921.115051;     669.479980;     926.390686
ChesapeakeBay_29_b_oc;ChesapeakeBay;MichaelOndrusek ;    38.926;   -76.394;20080416T114817Z;P11100100;M111011002101112022;     2.000;    75.419;       0.020910;       0.018623;       0.024553;       0.028745;       0.039332;       0.028487;       0.020475;       0.017954;       0.015331;       0.010618;       0.005576;       0.017483;       7.924839;       8.165562;      12.123778;      14.173735;      19.297155;      12.568580;       8.544108;       7.149835;       5.754456;       3.428849;       1.309860;       5.683710;    1120.111206;    1272.082031;    1383.111694;    1366.301392;    1327.356079;    1229.268677;    1172.564209;    1126.566040;    1071.868896;     922.200623;     670.778137;     928.361938
ChesapeakeBay_30_b_oc;ChesapeakeBay;MichaelOndrusek ;    38.926;   -76.394;20080416T114850Z;P11100100;M111011002101112022;     2.000;    75.419;       0.021516;       0.014819;       0.020241;       0.023843;       0.032654;       0.023854;       0.017232;       0.015327;       0.012722;       0.014452;       0.018082;       0.033736;       8.168388;       6.509252;      10.008966;      11.777004;      16.048145;      10.544250;       7.202595;       6.111756;       4.784276;       4.673533;       4.248816;      10.976206;    1122.044312;    1274.319946;    1385.107666;    1368.666260;    1329.603027;    1231.558716;    1174.503174;    1128.065918;    1073.876831;     923.447327;     671.010742;     929.099670
ChesapeakeBay_31_b_oc;ChesapeakeBay;MichaelOndrusek ;    38.926;   -76.394;20080416T114926Z;P11100100;M111011002101112022;     2.000;    75.224;       0.020825;       0.021890;       0.027107;       0.031278;       0.041733;       0.030820;       0.022443;       0.020278;       0.017237;       0.003789;       0.005307;       0.005353;       7.879045;       9.579261;      13.355214;      15.393722;      20.430353;      13.570216;       9.343822;       8.054866;       6.456923;       1.220925;       1.243736;       1.735260;    1118.171265;    1269.572998;    1380.036011;    1363.714355;    1324.441895;    1226.767090;    1169.871826;    1123.729492;    1069.712769;     920.242798;     669.248596;     925.649475
ChesapeakeBay_32_b_oc;ChesapeakeBay;MichaelOndrusek ;    38.898;   -76.426;20080416T120131Z;P11100100;M111011002101112022;     3.000;    72.913;       0.018784;       0.018233;       0.023086;       0.026843;       0.036225;       0.027688;       0.018922;       0.017798;       0.015636;       0.003420;       0.005237;       0.006131;       7.368703;       8.272713;      11.779202;      13.671872;      18.336084;      12.602097;       8.135011;       7.300439;       6.047849;       1.137907;       1.269562;       2.050001;    1161.229126;    1318.537720;    1432.521851;    1414.743408;    1373.701782;    1272.466064;    1212.395874;    1164.823120;    1108.673340;     953.627319;     694.859314;     958.455322
ChesapeakeBay_33_b_oc;ChesapeakeBay;MichaelOndrusek ;    38.898;   -76.426;20080416T120159Z;P11100100;M111011002101112022;     3.000;    72.913;       0.012407;       0.017052;       0.023088;       0.027001;       0.036834;       0.028149;       0.018818;       0.017580;       0.015650;       0.002968;       0.004183;       0.001918;       4.887492;       7.768108;      11.833951;      13.820247;      18.735739;      12.872409;       8.132624;       7.246740;       6.087173;       0.993265;       1.018753;       0.644141;    1166.046387;    1323.864014;    1439.001587;    1421.740234;    1380.461548;    1278.475098;    1218.747803;    1170.621948;    1114.908325;     959.338623;     698.099060;     962.878113
ChesapeakeBay_34_b_oc;ChesapeakeBay;MichaelOndrusek ;    38.898;   -76.426;20080416T120232Z;P11100100;M111011002101112022;     3.000;    72.718;       0.016386;       0.016780;       0.021958;       0.025588;       0.035331;       0.025807;       0.017493;       0.016037;       0.013857;       0.009884;       0.002187;       0.012410;       6.466757;       7.660127;      11.278284;      13.122351;      18.004553;      11.819702;       7.574853;       6.625823;       5.396889;       3.309059;       0.533496;       4.175818;    1168.392456;    1326.856812;    1442.339111;    1424.804199;    1383.397339;    1280.911743;    1221.514526;    1173.695801;    1116.771729;     959.968384;     699.621338;     964.857666
ChesapeakeBay_35_b_oc;ChesapeakeBay;MichaelOndrusek ;    38.898;   -76.426;20080416T120333Z;P11100100;M111011002101112022;     3.000;    72.523;       0.015096;       0.015603;       0.020613;       0.024220;       0.033925;       0.024944;       0.016781;       0.015704;       0.013545;       0.013215;       0.002431;       0.007724;       5.945672;       7.107603;      10.560553;      12.387674;      17.245529;      11.398070;       7.245728;       6.470778;       5.260110;       4.414994;       0.591672;       2.593180;    1166.223633;    1324.263184;    1438.958130;    1421.297119;    1380.411133;    1278.321899;    1218.428467;    1170.981201;    1113.954956;     958.303467;     697.999329;     963.069763
ChesapeakeBay_36_b_oc;ChesapeakeBay;MichaelOndrusek ;    38.842;   -76.445;20080430T114603Z;P11100100;M111011002101112022;     3.000;    72.528;       0.009026;       0.010428;       0.013496;       0.015085;       0.022326;       0.014890;       0.009767;       0.009969;       0.007865;       0.001386;       0.002169;       0.005742;       3.485182;       4.683500;       6.877949;       7.689420;      11.374110;       6.841521;       4.258295;       4.153115;       3.080916;       0.470574;       0.535696;       1.957730;    1143.269287;    1305.660400;    1431.418945;    1416.468994;    1383.411865;    1285.358643;    1230.360107;    1183.916016;    1123.685181;     973.721313;     708.274048;     978.022766
ChesapeakeBay_37_b_oc;ChesapeakeBay;MichaelOndrusek ;    38.842;   -76.445;20080430T114639Z;P11100100;M111011002101112022;     3.000;    72.528;       0.007779;       0.006882;       0.009303;       0.010713;       0.016738;       0.011123;       0.007167;       0.007491;       0.005800;       0.000308;       0.000322;       0.000709;       3.040628;       3.131261;       4.805901;       5.535696;       8.642244;       5.175117;       3.162671;       3.158839;       2.298929;       0.105889;       0.080463;       0.244350;    1157.417725;    1322.583008;    1451.037476;    1435.897461;    1402.062500;    1301.547241;    1245.163574;    1198.286865;    1137.031128;     984.837402;     715.944336;     988.740173
ChesapeakeBay_38_b_oc;ChesapeakeBay;MichaelOndrusek ;    38.842;   -76.445;20080430T114714Z;P11100100;M111011002101112022;     3.000;    72.334;       0.012855;       0.010654;       0.013322;       0.015049;       0.022368;       0.015264;       0.010150;       0.010412;       0.008569;       0.003024;       0.005511;       0.037710;       5.035202;       4.856920;       6.893298;       7.788733;      11.566921;       7.110809;       4.485118;       4.395140;       3.398820;       1.039995;       1.379134;      13.014500;    1159.992432;    1325.429810;    1453.643921;    1438.528442;    1404.673096;    1303.713135;    1247.362061;    1200.039307;    1138.104126;     986.741211;     718.096252;     990.286255
ChesapeakeBay_39_b_oc;ChesapeakeBay;MichaelOndrusek ;    38.906;   -76.405;20080430T120640Z;P11100100;M111011002101112022;     3.000;    68.606;       0.005134;       0.006560;       0.009617;       0.011511;       0.018012;       0.010696;       0.006992;       0.007307;       0.005062;       0.000437;       0.001333;       0.001114;       1.329277;       1.937650;       3.147397;       3.738728;       5.749295;       2.989463;       1.816015;       1.800706;       1.161963;       0.086486;       0.188756;       0.220578;     768.887390;     861.436035;     923.280334;     906.738159;     871.894653;     787.038330;     737.866699;     705.431580;     663.092529;     572.077209;     409.018005;     571.857849
ChesapeakeBay_40_b_oc;ChesapeakeBay;MichaelOndrusek ;    38.906;   -76.405;20080430T120944Z;P11100100;M111011002101112022;     3.000;    68.023;       0.005639;       0.007367;       0.010578;       0.012559;       0.019197;       0.011281;       0.007424;       0.007267;       0.005172;       0.000538;       0.000340;       0.000664;       2.365931;       3.670614;       6.149021;       7.382186;      11.545239;       6.245526;       3.946736;       3.705213;       2.498536;       0.227916;       0.105177;       0.284190;    1246.624390;    1453.694580;    1640.868408;    1642.015259;    1644.265381;    1560.451904;    1511.887939;    1461.129639;    1396.996826;    1226.153687;     894.712830;    1238.617798
ChesapeakeBay_41_b_oc;ChesapeakeBay;MichaelOndrusek ;    38.906;   -76.405;20080430T120958Z;P11100100;M111011002101112022;     3.000;    68.023;       0.005980;       0.007308;       0.010992;       0.013121;       0.020507;       0.012184;       0.007948;       0.007715;       0.005583;       0.000476;       0.001161;       0.001556;       2.465896;       3.562881;       6.225209;       7.500500;      11.946362;       6.503508;       4.064937;       3.779670;       2.586911;       0.193342;       0.343641;       0.638203;    1225.078369;    1422.596313;    1598.710938;    1596.846313;    1592.699951;    1504.501343;    1454.493286;    1403.942627;    1339.956177;    1174.555908;     855.768555;    1185.880371
ChesapeakeBay_42_b_oc;ChesapeakeBay;MichaelOndrusek ;    38.906;   -76.405;20080430T121032Z;P11100100;M111011002101112022;     3.000;    67.828;       0.006497;       0.007525;       0.010780;       0.012666;       0.019356;       0.011473;       0.007612;       0.007325;       0.005314;       0.000577;       0.000751;       0.000848;       2.813838;       3.859980;       6.427428;       7.624934;      11.873228;       6.454097;       4.101895;       3.783705;       2.596417;       0.246790;       0.234479;       0.366580;    1287.001709;    1496.923340;    1683.387451;    1682.148560;    1677.604858;    1586.178101;    1533.039429;    1480.672485;    1413.415527;    1237.765625;     903.133606;    1250.175049
ChesapeakeBay_43_b_oc;ChesapeakeBay;MichaelOndrusek ;    38.834;   -76.417;20080506T122020Z;P11100100;M111011002101112022;     3.000;    64.661;       0.003834;       0.004967;       0.007133;       0.008508;       0.015165;       0.009354;       0.005714;       0.005514;       0.004545;       0.000539;       0.000574;       0.000839;       1.564280;       2.346752;       3.796221;       4.521355;       8.021524;       4.450191;       2.565137;       2.364634;       1.815143;       0.188457;       0.147806;       0.294781;    1215.169067;    1382.342285;    1508.006592;    1490.492920;    1453.546143;    1348.503296;    1284.112671;    1236.543701;    1162.164307;    1017.520020;     749.281128;    1021.808228
ChesapeakeBay_44_b_oc;ChesapeakeBay;MichaelOndrusek ;    38.834;   -76.417;20080506T122056Z;P11100100;M111011002101112022;     3.000;    64.661;       0.004913;       0.005990;       0.008141;       0.009356;       0.015719;       0.010112;       0.006558;       0.006373;       0.005402;       0.000718;       0.000616;       0.004009;       2.006178;       2.834011;       4.340775;       4.981186;       8.332201;       4.818900;       2.950741;       2.737238;       2.161781;       0.251521;       0.158908;       1.410292;    1216.302368;    1384.372437;    1510.855835;    1493.204468;    1456.670654;    1350.840942;    1286.977295;    1238.491089;    1164.492310;    1019.969360;     750.896851;    1023.572510
ChesapeakeBay_45_b_oc;ChesapeakeBay;MichaelOndrusek ;    38.834;   -76.417;20080506T122130Z;P11100100;M111011002101112022;     3.000;    64.466;       0.004480;       0.005645;       0.007859;       0.009156;       0.015633;       0.009712;       0.006106;       0.005807;       0.004733;       0.000664;       0.000475;       0.000922;       1.825898;       2.667097;       4.183580;       4.867697;       8.277666;       4.624204;       2.744752;       2.493401;       1.892553;       0.232666;       0.122494;       0.324461;    1214.261841;    1382.577515;    1508.681030;    1491.361206;    1455.552002;    1350.015381;    1286.240479;    1238.538330;    1163.823486;    1019.636963;     750.904846;    1023.953918
ChesapeakeBay_46_b_oc;ChesapeakeBay;MichaelOndrusek ;    38.834;   -76.417;20080506T122209Z;P11100100;M111011002101112022;     3.000;    64.271;       0.003803;       0.004829;       0.006916;       0.008184;       0.014448;       0.008968;       0.005524;       0.005326;       0.004322;       0.000475;       0.000396;       0.000568;       1.549799;       2.280583;       3.681571;       4.351260;       7.650178;       4.271191;       2.483699;       2.287447;       1.728327;       0.166540;       0.102199;       0.199771;    1214.030640;    1382.288696;    1508.908203;    1491.876465;    1455.961182;    1350.881104;    1287.046509;    1239.284180;    1164.299438;    1020.481873;     750.860352;    1024.776245
ChesapeakeBay_47_b_oc;ChesapeakeBay;MichaelOndrusek ;    38.834;   -76.417;20080506T122249Z;P11100100;M111011002101112022;     3.000;    64.271;       0.003851;       0.004928;       0.007182;       0.008530;       0.015260;       0.009417;       0.005761;       0.005555;       0.004608;       0.000698;       0.000913;       0.000898;       1.574080;       2.334088;       3.833229;       4.547670;       8.100223;       4.496209;       2.595443;       2.390616;       1.846359;       0.245057;       0.235850;       0.316513;    1217.950195;    1386.242920;    1513.040771;    1495.910156;    1459.567139;    1354.239014;    1289.622681;    1241.827271;    1166.633789;    1022.568420;     752.425049;    1026.436035
ChesapeakeBay_48_b_oc;ChesapeakeBay;MichaelOndrusek ;    38.871;   -76.408;20080506T123543Z;P11100100;M111011002101112022;     3.000;    61.731;       0.003755;       0.004372;       0.006579;       0.008372;       0.017802;       0.012728;       0.007070;       0.007256;       0.008739;       0.001238;       0.001439;       0.001578;       1.502729;       1.992305;       3.265471;       4.084064;       8.529440;       5.675528;       3.012493;       2.986364;       3.393100;       0.422077;       0.360953;       0.540459;    1276.380859;    1459.890625;    1602.123901;    1586.707275;    1554.421265;    1444.871948;    1377.546997;    1326.053711;    1246.650757;    1094.199829;     805.137573;    1099.292114
ChesapeakeBay_49_b_oc;ChesapeakeBay;MichaelOndrusek ;    38.905;   -76.401;20080506T124620Z;P11100100;M111011002101112022;     3.000;    59.586;       0.003961;       0.004952;       0.006807;       0.008053;       0.015046;       0.010339;       0.006225;       0.006139;       0.006272;       0.000680;       0.000926;       0.000868;       1.628908;       2.366462;       3.677475;       4.351846;       8.117531;       5.028626;       2.860286;       2.694408;       2.565711;       0.244778;       0.245740;       0.314404;    1229.849365;    1404.538818;    1540.177734;    1525.513794;    1494.992065;    1391.058105;    1326.418457;    1277.915283;    1201.801147;    1057.931152;     779.648926;    1063.474854
ChesapeakeBay_50_b_oc;ChesapeakeBay;MichaelOndrusek ;    38.905;   -76.401;20080506T124655Z;P11100100;M111011002101112022;     3.000;    59.586;       0.003880;       0.004702;       0.006564;       0.007829;       0.014718;       0.010149;       0.006187;       0.006227;       0.006222;       0.001059;       0.000823;       0.001856;       1.587034;       2.235499;       3.528796;       4.211689;       7.910160;       4.917912;       2.833947;       2.725072;       2.537266;       0.380264;       0.217787;       0.669874;    1223.387329;    1397.425537;    1532.716797;    1518.610962;    1489.246948;    1385.937744;    1322.268066;    1274.217651;    1197.887939;    1054.418823;     777.187256;    1060.287842
ChesapeakeBay_51_b_oc;ChesapeakeBay;MichaelOndrusek ;    38.904;   -76.401;20080506T124726Z;P11100100;M111011002101112022;     3.000;    59.391;       0.002930;       0.003723;       0.005901;       0.007416;       0.015315;       0.009980;       0.005658;       0.005681;       0.005731;       0.000576;       0.000519;       0.000723;       1.130214;       1.632282;       2.815275;       3.478724;       7.054629;       4.282263;       2.320645;       2.253958;       2.144821;       0.189724;       0.126046;       0.239395;    1231.270874;    1405.826294;    1540.966797;    1526.557007;    1495.328613;    1391.243896;    1326.524414;    1278.128540;    1201.492676;    1057.524170;     779.759766;    1063.318115
ChesapeakeBay_52_b_oc;ChesapeakeBay;MichaelOndrusek ;    38.904;   -76.401;20080506T124755Z;P11100100;M111011002101112022;     3.000;    59.391;       0.003519;       0.004200;       0.006513;       0.008184;       0.016433;       0.010648;       0.006130;       0.006138;       0.006055;       0.000918;       0.001314;       0.001153;       1.355951;       1.839635;       3.103751;       3.832834;       7.557267;       4.560310;       2.509768;       2.429958;       2.262954;       0.301678;       0.318094;       0.381265;    1230.177979;    1404.703247;    1539.189453;    1524.121582;    1492.888184;    1388.601685;    1324.070923;    1275.250122;    1199.965576;    1055.281494;     777.277161;    1061.341431
ChesapeakeBay_53_b_oc;ChesapeakeBay;MichaelOndrusek ;    38.934;   -76.391;20080506T130049Z;P11100100;M111011002101112022;     1.000;    56.862;       0.003238;       0.004112;       0.006505;       0.007973;       0.015397;       0.009120;       0.005348;       0.005165;       0.004282;       0.000471;       0.000536;       0.000769;       1.223136;       1.762266;       3.022355;       3.639859;       6.883480;       3.789285;       2.122193;       1.991904;       1.559385;       0.150826;       0.126750;       0.247837;    1207.654297;    1376.010620;    1502.947266;    1487.989990;    1454.878906;    1352.305420;    1289.306396;    1241.236694;    1168.506470;    1027.148315;     758.341919;    1034.003296
ChesapeakeBay_54_b_oc;ChesapeakeBay;MichaelOndrusek ;    38.934;   -76.391;20080506T130124Z;P11100100;M111011002101112022;     1.000;    56.668;       0.003487;       0.004326;       0.006539;       0.008000;       0.015399;       0.009295;       0.005608;       0.005526;       0.004727;       0.000605;       0.000627;       0.000663;       1.315367;       1.852099;       3.036335;       3.650044;       6.881825;       3.861630;       2.225323;       2.133838;       1.722656;       0.194082;       0.148245;       0.213792;    1206.363770;    1374.772461;    1502.200928;    1487.268311;    1454.590942;    1352.481445;    1289.805786;    1242.750366;    1169.349609;    1028.547852;     759.099182;    1034.873169
ChesapeakeBay_55_b_oc;ChesapeakeBay;MichaelOndrusek ;    38.897;   -76.431;20080506T131402Z;P11100100;M111011002101112022;     3.000;    54.180;       0.003058;       0.003286;       0.005472;       0.007286;       0.016551;       0.012313;       0.006477;       0.006804;       0.009339;       0.001431;       0.001942;       0.001409;       1.149424;       1.407777;       2.557088;       3.350756;       7.479457;       5.174634;       2.599516;       2.672278;       3.454204;       0.467410;       0.467656;       0.463158;    1203.747070;    1377.486572;    1514.011475;    1501.495117;    1474.493286;    1373.280273;    1310.525024;    1262.991821;    1186.127197;    1047.664673;     772.235107;    1054.389648
ChesapeakeBay_56_b_oc;ChesapeakeBay;MichaelOndrusek ;    38.897;   -76.431;20080506T131534Z;P11100100;M111011002101112022;     3.000;    53.987;       0.004754;       0.005412;       0.007856;       0.009795;       0.020190;       0.015449;       0.008669;       0.008741;       0.011923;       0.002265;       0.002471;       0.002313;       1.768796;       2.294660;       3.632705;       4.456937;       9.032247;       6.431194;       3.447658;       3.403153;       4.371114;       0.734086;       0.590580;       0.754452;    1191.616211;    1363.234131;    1498.302246;    1485.669678;    1459.954956;    1360.710327;    1299.056641;    1252.044678;    1175.666992;    1039.099731;     766.295532;    1045.940308
ChesapeakeBay_57_b_oc;ChesapeakeBay;MichaelOndrusek ;    38.846;   -76.429;20080513T115427Z;P11100100;M111011002101112022;     4.000;    68.603;       0.006095;       0.007808;       0.012503;       0.014725;       0.022522;       0.016814;       0.011432;       0.010916;       0.009220;       0.001166;       0.002565;       0.002101;       2.568080;       3.797781;       6.813772;       7.998269;      12.132569;       8.128156;       5.209426;       4.747172;       3.747598;       0.411904;       0.666159;       0.744312;    1251.164795;    1418.485718;    1537.365723;    1516.313232;    1471.562012;    1361.239746;    1294.540527;    1244.880249;    1174.281128;    1020.668579;     750.366821;    1023.190430
ChesapeakeBay_58_b_oc;ChesapeakeBay;MichaelOndrusek ;    38.846;   -76.429;20080513T115458Z;P11100100;M111011002101112022;     4.000;    68.603;       0.007834;       0.010460;       0.015513;       0.018307;       0.027415;       0.020589;       0.014332;       0.013515;       0.011577;       0.002784;       0.003950;       0.002646;       3.295727;       5.075776;       8.434170;       9.924312;      14.738552;       9.930795;       6.513198;       5.864674;       4.694844;       0.981302;       1.023705;       0.934986;    1249.322510;    1415.141602;    1533.770020;    1513.372925;    1468.536865;    1358.224487;    1291.040283;    1242.148804;    1171.575684;    1018.203857;     748.623047;    1020.839539
ChesapeakeBay_59_b_oc;ChesapeakeBay;MichaelOndrusek ;    38.846;   -76.429;20080513T115534Z;P11100100;M111011002101112022;     4.000;    68.410;       0.004071;       0.006262;       0.010672;       0.013045;       0.020898;       0.015262;       0.009988;       0.009282;       0.007822;       0.001128;       0.000727;       0.001141;       1.713915;       3.040978;       5.807013;       7.075320;      11.240180;       7.359208;       4.540223;       4.026914;       3.173872;       0.398059;       0.188373;       0.403378;    1250.462280;    1416.548950;    1535.419312;    1514.439209;    1469.703857;    1358.207275;    1291.845093;    1242.330078;    1172.603516;    1019.731445;     749.207825;    1021.361389
ChesapeakeBay_60_b_oc;ChesapeakeBay;MichaelOndrusek ;    38.846;   -76.429;20080513T115617Z;P11100100;M111011002101112022;     4.000;    68.216;       0.004647;       0.007238;       0.011585;       0.013960;       0.021779;       0.016216;       0.010990;       0.010229;       0.008785;       0.001229;       0.002929;       0.002346;       1.952935;       3.508119;       6.288553;       7.554506;      11.685869;       7.802543;       4.984933;       4.425987;       3.556032;       0.432321;       0.757818;       0.827718;    1248.347046;    1413.975708;    1532.027588;    1511.433105;    1466.569336;    1355.784302;    1289.517578;    1239.467896;    1170.259277;    1017.113586;     748.011169;    1020.116455
ChesapeakeBay_61_b_oc;ChesapeakeBay;MichaelOndrusek ;    38.846;   -76.429;20080513T115655Z;P11100100;M111011002101112022;     4.000;    68.216;       0.004024;       0.006118;       0.010415;       0.012738;       0.020490;       0.015148;       0.010223;       0.009600;       0.008075;       0.001187;       0.001158;       0.010350;       1.697234;       2.976601;       5.674531;       6.918346;      11.034239;       7.316112;       4.653936;       4.171302;       3.281259;       0.419033;       0.300559;       3.664888;    1252.829102;    1419.262573;    1537.707397;    1516.952637;    1471.915527;    1360.881470;    1294.149780;    1244.686401;    1174.704712;    1020.651733;     750.403687;    1023.698853
ChesapeakeBay_62_b_oc;ChesapeakeBay;MichaelOndrusek ;    38.874;   -76.423;20080513T121718Z;P11100100;M111011002101112022;     4.000;    64.135;       0.006258;       0.008342;       0.012695;       0.015125;       0.024021;       0.018784;       0.012564;       0.011869;       0.011194;       0.001760;       0.002711;       0.002884;       2.613422;       4.013623;       6.829144;       8.111707;      12.765194;       8.947720;       5.638418;       5.082253;       4.484651;       0.613201;       0.696881;       1.009257;    1244.289795;    1408.375366;    1525.140991;    1505.036743;    1461.563965;    1351.406006;    1284.862671;    1235.872314;    1166.888916;    1015.026917;     748.617065;    1019.178528
ChesapeakeBay_63_b_oc;ChesapeakeBay;MichaelOndrusek ;    38.874;   -76.423;20080513T121807Z;P11100100;M111011002101112022;     4.000;    63.941;       0.007986;       0.009948;       0.014432;       0.016927;       0.026144;       0.020567;       0.013999;       0.013134;       0.012392;       0.002775;       0.001870;       0.003394;       3.305753;       4.745525;       7.697154;       8.996925;      13.767340;       9.717038;       6.225691;       5.576156;       4.923456;       0.959270;       0.477248;       1.177317;    1233.550415;    1396.616943;    1512.410767;    1491.895996;    1448.695190;    1340.841797;    1273.698242;    1225.837524;    1157.583862;    1007.251465;     743.708984;    1010.647827
ChesapeakeBay_64_b_oc;ChesapeakeBay;MichaelOndrusek ;    38.874;   -76.423;20080513T121843Z;P11100100;M111011002101112022;     4.000;    63.941;       0.009200;       0.010793;       0.015191;       0.017719;       0.026783;       0.021095;       0.014662;       0.013969;       0.012949;       0.003972;       0.002531;       0.004624;       3.808175;       5.144820;       8.097433;       9.415316;      14.103471;       9.959170;       6.522190;       5.928071;       5.142257;       1.373233;       0.645558;       1.603995;    1233.531738;    1395.486938;    1511.617432;    1491.536255;    1448.654541;    1339.866699;    1274.021606;    1225.351929;    1157.021118;    1007.379150;     743.164978;    1010.760437
ChesapeakeBay_65_b_oc;ChesapeakeBay;MichaelOndrusek ;    38.874;   -76.423;20080513T121918Z;P11100100;M111011002101112022;     4.000;    63.746;       0.009692;       0.011066;       0.015305;       0.017719;       0.026827;       0.021107;       0.014598;       0.013822;       0.013009;       0.003566;       0.004514;       0.008398;       4.017002;       5.284652;       8.172752;       9.432894;      14.154770;       9.987717;       6.506946;       5.877724;       5.175561;       1.234879;       1.153388;       2.920126;    1235.332886;    1398.312012;    1514.614014;    1494.639893;    1451.988281;    1343.351929;    1277.026489;    1228.286987;    1159.589966;    1009.299561;     744.754517;    1013.459961
ChesapeakeBay_66_b_oc;ChesapeakeBay;MichaelOndrusek ;    38.874;   -76.423;20080513T122007Z;P11100100;M111011002101112022;     4.000;    63.552;       0.010138;       0.011675;       0.016090;       0.018692;       0.027696;       0.021953;       0.015282;       0.014474;       0.013597;       0.001941;       0.002931;       0.004671;       4.208290;       5.584058;       8.605077;       9.965595;      14.634755;      10.400044;       6.820458;       6.162549;       5.415526;       0.672824;       0.749614;       1.625811;    1237.446167;    1400.680908;    1517.267822;    1497.206543;    1454.563110;    1345.359497;    1279.024780;    1230.254517;    1161.301025;    1010.734924;     745.650757;    1014.820496
ChesapeakeBay_67_b_oc;ChesapeakeBay;MichaelOndrusek ;    38.874;   -76.423;20080513T122050Z;P11100100;M111011002101112022;     4.000;    63.552;       0.009795;       0.012195;       0.016668;       0.019277;       0.028925;       0.022953;       0.015946;       0.015052;       0.013947;       0.003702;       0.003300;       0.003922;       4.071674;       5.840379;       8.922556;      10.288422;      15.299799;      10.888011;       7.123058;       6.415930;       5.559929;       1.285302;       0.844659;       1.366241;    1239.225098;    1402.512085;    1518.689087;    1498.823120;    1456.020996;    1347.094727;    1280.198486;    1231.608765;    1162.287354;    1012.381592;     746.338135;    1015.803528
ChesapeakeBay_68_b_oc;ChesapeakeBay;MichaelOndrusek ;    38.874;   -76.423;20080513T122133Z;P11100100;M111011002101112022;     4.000;    63.357;       0.005055;       0.007459;       0.012007;       0.014653;       0.024051;       0.018643;       0.012290;       0.011658;       0.010680;       0.001360;       0.001875;       0.001636;       2.105931;       3.581459;       6.444578;       7.841713;      12.755842;       8.867111;       5.505016;       4.981346;       4.267633;       0.473165;       0.481492;       0.571175;    1242.125488;    1406.342285;    1523.100464;    1503.159668;    1460.416016;    1351.175659;    1284.174927;    1235.088501;    1165.547852;    1015.093384;     748.975708;    1018.403625
ChesapeakeBay_69_b_oc;ChesapeakeBay;MichaelOndrusek ;    38.790;   -76.435;20080529T113646Z;P11100100;M111011002101112022;     4.000;    70.436;       0.002946;       0.003847;       0.005597;       0.006581;       0.009325;       0.006068;       0.004060;       0.004161;       0.002701;       0.000286;       0.000315;       0.000391;       1.230280;       1.852921;       3.022947;       3.544991;       4.996969;       2.920476;       1.839051;       1.798417;       1.091273;       0.100361;       0.081393;       0.137911;    1238.598877;    1402.691772;    1520.450439;    1500.561279;    1459.681396;    1351.063843;    1282.895020;    1232.859375;    1163.194092;    1011.406616;     743.557068;    1015.262512
ChesapeakeBay_70_b_oc;ChesapeakeBay;MichaelOndrusek ;    38.790;   -76.435;20080529T113723Z;P11100100;M111011002101112022;     4.000;    70.246;       0.003562;       0.004366;       0.006142;       0.007171;       0.010010;       0.006648;       0.004515;       0.004695;       0.003067;       0.000378;       0.000424;       0.000528;       1.484563;       2.098922;       3.309090;       3.855220;       5.349392;       3.190667;       2.039387;       2.023156;       1.235955;       0.132596;       0.109273;       0.185511;    1236.349365;    1400.142334;    1517.130737;    1497.937500;    1456.141968;    1347.821777;    1279.472900;    1229.730469;    1160.649658;    1009.094910;     741.773926;    1012.391113
ChesapeakeBay_71_b_oc;ChesapeakeBay;MichaelOndrusek ;    38.790;   -76.435;20080529T113800Z;P11100100;M111011002101112022;     4.000;    70.055;       0.003269;       0.004066;       0.005633;       0.006575;       0.009230;       0.006075;       0.004119;       0.004246;       0.002832;       0.000392;       0.000507;       0.000673;       1.355841;       1.944815;       3.019345;       3.515557;       4.905990;       2.900271;       1.849692;       1.819798;       1.134931;       0.136439;       0.129957;       0.235354;    1230.528198;    1393.209351;    1509.595337;    1490.122803;    1448.742432;    1341.059448;    1272.459473;    1223.584473;    1154.491699;    1002.970703;     738.032166;    1007.592712
ChesapeakeBay_72_b_oc;ChesapeakeBay;MichaelOndrusek ;    38.790;   -76.435;20080529T113842Z;P11100100;M111011002101112022;     4.000;    70.055;       0.003231;       0.004063;       0.005804;       0.006824;       0.009664;       0.006164;       0.004122;       0.004223;       0.002658;       0.000309;       0.000307;       0.000478;       1.336319;       1.937166;       3.100346;       3.636390;       5.118590;       2.931419;       1.844147;       1.802744;       1.061410;       0.107401;       0.078540;       0.166547;    1226.834839;    1388.733032;    1504.354248;    1485.027832;    1443.652588;    1336.025635;    1267.938110;    1218.696167;    1150.516846;    1000.573486;     736.125427;    1004.157776
ChesapeakeBay_73_b_oc;ChesapeakeBay;MichaelOndrusek ;    38.790;   -76.435;20080529T113924Z;P11100100;M111011002101112022;     4.000;    69.865;       0.003184;       0.004011;       0.005760;       0.006750;       0.009546;       0.006022;       0.004029;       0.004148;       0.002575;       0.000376;       0.000299;       0.000373;       1.319341;       1.916182;       3.082149;       3.603571;       5.067035;       2.870307;       1.807032;       1.774569;       1.030038;       0.130679;       0.076559;       0.130317;    1229.402832;    1391.784180;    1507.369141;    1488.133301;    1447.163818;    1339.234497;    1271.347412;    1221.880371;    1152.854980;    1002.728394;     737.679565;    1006.831543
ChesapeakeBay_74_b_oc;ChesapeakeBay;MichaelOndrusek ;    38.842;   -76.426;20080529T120410Z;P11100100;M111011002101112022;     4.000;    65.057;       0.002244;       0.003120;       0.004972;       0.005927;       0.009353;       0.005042;       0.003277;       0.003200;       0.001939;       0.000267;       0.000261;       0.000499;       0.958590;       1.535312;       2.736259;       3.256187;       5.104288;       2.471760;       1.510459;       1.407284;       0.797131;       0.095863;       0.069173;       0.179960;    1271.916504;    1439.463989;    1558.729980;    1540.056885;    1498.811523;    1388.616211;    1317.611084;    1267.004272;    1195.139038;    1042.807739;     770.620789;    1048.148438
ChesapeakeBay_75_b_oc;ChesapeakeBay;MichaelOndrusek ;    38.842;   -76.426;20080529T120444Z;P11100100;M111011002101112022;     4.000;    65.057;       0.002897;       0.003755;       0.005600;       0.006549;       0.010039;       0.005538;       0.003702;       0.003612;       0.002280;       0.000364;       0.000528;       0.000486;       1.241838;       1.855527;       3.094414;       3.611712;       5.500387;       2.725816;       1.712458;       1.594608;       0.940989;       0.131107;       0.140394;       0.175752;    1276.536499;    1445.357910;    1564.932373;    1546.074829;    1504.750488;    1394.237183;    1322.192871;    1271.965088;    1199.861206;    1046.769043;     773.730774;    1052.229004
ChesapeakeBay_76_b_oc;ChesapeakeBay;MichaelOndrusek ;    38.842;   -76.426;20080529T120532Z;P11100100;M111011002101112022;     4.000;    64.865;       0.001190;       0.001949;       0.003485;       0.004345;       0.007317;       0.003942;       0.002508;       0.002464;       0.001424;       0.000180;       0.000070;       0.000044;       0.510942;       0.964678;       1.928733;       2.400241;       4.015214;       1.943351;       1.162057;       1.089222;       0.588639;       0.064965;       0.018542;       0.016109;    1279.132568;    1447.978394;    1568.013672;    1548.898926;    1507.634888;    1396.842285;    1324.757202;    1274.205078;    1202.617920;    1049.055908;     775.291260;    1053.970337
ChesapeakeBay_77_b_oc;ChesapeakeBay;MichaelOndrusek ;    38.842;   -76.426;20080529T120610Z;P11100100;M111011002101112022;     4.000;    64.672;       0.003390;       0.004332;       0.006277;       0.007296;       0.011019;       0.006235;       0.004238;       0.004170;       0.002670;       0.000471;       0.000474;       0.000489;       1.460728;       2.151574;       3.487611;       4.044455;       6.068395;       3.085075;       1.970972;       1.850920;       1.107749;       0.170325;       0.126783;       0.177880;    1283.366211;    1453.116333;    1574.251587;    1554.730103;    1513.423462;    1402.436035;    1330.367676;    1279.825317;    1207.119507;    1052.765991;     778.325317;    1058.916626
ChesapeakeBay_78_b_oc;ChesapeakeBay;MichaelOndrusek ;    38.842;   -76.426;20080529T120650Z;P11100100;M111011002101112022;     4.000;    64.672;       0.002814;       0.003722;       0.005608;       0.006584;       0.010153;       0.005612;       0.003730;       0.003671;       0.002317;       0.000328;       0.000210;       0.000905;       1.213140;       1.849879;       3.117830;       3.653085;       5.596614;       2.778944;       1.736650;       1.630798;       0.962170;       0.118887;       0.056326;       0.329409;    1283.941162;    1454.033447;    1575.295288;    1556.189453;    1514.758789;    1403.554565;    1331.561157;    1280.804565;    1208.071045;    1054.310425;     779.090942;    1059.435547
ChesapeakeBay_79_b_oc;ChesapeakeBay;MichaelOndrusek ;    38.842;   -76.426;20080529T120737Z;P11100100;M111011002101112022;     4.000;    64.479;       0.002666;       0.003536;       0.005366;       0.006341;       0.009872;       0.005421;       0.003558;       0.003495;       0.002183;       0.000308;       0.000323;       0.000442;       1.152224;       1.761114;       2.988503;       3.524509;       5.451876;       2.689208;       1.658706;       1.553893;       0.907528;       0.111626;       0.086696;       0.161206;    1287.273193;    1457.328003;    1578.458984;    1559.202148;    1517.992432;    1406.578247;    1333.753784;    1282.559570;    1210.240112;    1055.682129;     780.419250;    1062.164185
ChesapeakeBay_80_b_oc;ChesapeakeBay;MichaelOndrusek ;    38.842;   -76.426;20080529T120820Z;P11100100;M111011002101112022;     4.000;    64.287;       0.002931;       0.003958;       0.006025;       0.007084;       0.010897;       0.006078;       0.004058;       0.003977;       0.002482;       0.000359;       0.000291;       0.000463;       1.265966;       1.971056;       3.355145;       3.937366;       6.015609;       3.013536;       1.891547;       1.767931;       1.031151;       0.130311;       0.078050;       0.168758;    1286.914062;    1457.479370;    1578.584106;    1559.460938;    1517.960815;    1406.366211;    1334.236572;    1282.807007;    1209.870239;    1056.196533;     780.589233;    1061.779053
ChesapeakeBay_81_b_oc;ChesapeakeBay;MichaelOndrusek ;    38.819;   -76.418;20080703T114933Z;P11100100;M111011002101112022;     4.000;    68.520;       0.002018;       0.002288;       0.003458;       0.004317;       0.007243;       0.004783;       0.004019;       0.004483;       0.003501;       0.001069;       0.001506;       0.001474;       0.813754;       1.068938;       1.821700;       2.272534;       3.821928;       2.280095;       1.803963;       1.925359;       1.377105;       0.377578;       0.392770;       0.524678;    1197.850830;    1362.468872;    1486.094238;    1469.646118;    1441.636719;    1342.585327;    1275.335205;    1229.582275;    1136.578857;    1020.869812;     753.393066;    1028.527344
ChesapeakeBay_82_b_oc;ChesapeakeBay;MichaelOndrusek ;    38.819;   -76.418;20080703T115015Z;P11100100;M111011002101112022;     4.000;    68.330;       0.001186;       0.001470;       0.002584;       0.003422;       0.006349;       0.003781;       0.002866;       0.003111;       0.002358;       0.000266;       0.000244;       0.000258;       0.478017;       0.686458;       1.361748;       1.802295;       3.352009;       1.804249;       1.287999;       1.337151;       0.929318;       0.093963;       0.063751;       0.092050;    1197.681152;    1362.537598;    1486.894043;    1470.728271;    1442.804443;    1344.278076;    1277.354370;    1231.065430;    1139.085205;    1022.896362;     754.780945;    1030.925903
ChesapeakeBay_83_b_oc;ChesapeakeBay;MichaelOndrusek ;    38.819;   -76.418;20080703T115104Z;P11100100;M111011002101112022;     4.000;    68.140;       0.001272;       0.001406;       0.002379;       0.003141;       0.005730;       0.003511;       0.002721;       0.002962;       0.002315;       0.000749;       0.001180;       0.001174;       0.512839;       0.656682;       1.251922;       1.652424;       3.020195;       1.671860;       1.219523;       1.269861;       0.909596;       0.264412;       0.307147;       0.417295;    1197.654907;    1362.374756;    1485.562622;    1469.245605;    1440.845215;    1342.073242;    1274.509033;    1228.362305;    1135.883667;    1020.151306;     752.854004;    1027.663696
ChesapeakeBay_84_b_oc;ChesapeakeBay;MichaelOndrusek ;    38.853;   -76.410;20080703T120942Z;P11100100;M111011002101112022;     3.000;    64.691;       0.002152;       0.002102;       0.003154;       0.004043;       0.007064;       0.004613;       0.003392;       0.003757;       0.003152;       0.000792;       0.001381;       0.001462;       0.891367;       1.007843;       1.701043;       2.180247;       3.812278;       2.248517;       1.555708;       1.647919;       1.269257;       0.286732;       0.370293;       0.533857;    1233.933960;    1402.869263;    1528.122437;    1512.269531;    1483.101807;    1381.450684;    1311.884644;    1264.850586;    1171.555298;    1053.159546;     780.176880;    1062.702393
ChesapeakeBay_85_b_oc;ChesapeakeBay;MichaelOndrusek ;    38.853;   -76.410;20080703T121031Z;P11100100;M111011002101112022;     3.000;    64.499;       0.001121;       0.001425;       0.002767;       0.003831;       0.007584;       0.004700;       0.003333;       0.003670;       0.002999;       0.000373;       0.000315;       0.000411;       0.433795;       0.624354;       1.310726;       1.782406;       3.470759;       2.006232;       1.353832;       1.443728;       1.098025;       0.122830;       0.076743;       0.136604;    1232.792236;    1402.130127;    1528.364746;    1512.628784;    1484.760010;    1383.828857;    1314.820312;    1267.549927;    1175.281006;    1056.217041;     782.601318;    1066.449341
ChesapeakeBay_86_b_oc;ChesapeakeBay;MichaelOndrusek ;    38.853;   -76.410;20080703T121118Z;P11100100;M111011002101112022;     3.000;    64.307;       0.001341;       0.001746;       0.003092;       0.004149;       0.007756;       0.004992;       0.003562;       0.003955;       0.003353;       0.000251;       0.000228;       0.000282;       0.548204;       0.825528;       1.642622;       2.203087;       4.120135;       2.393191;       1.606813;       1.705516;       1.327912;       0.089448;       0.060088;       0.101202;    1218.094971;    1383.590576;    1505.659912;    1489.728394;    1460.571167;    1359.770386;    1291.077637;    1244.162231;    1153.206299;    1036.250610;     768.014832;    1045.821655
ChesapeakeBay_87_b_oc;ChesapeakeBay;MichaelOndrusek ;    38.841;   -76.434;20080812T123705Z;P11100100;M111011002101112022;     4.000;    63.953;       0.010499;       0.005371;       0.005339;       0.006509;       0.011503;       0.007911;       0.005753;       0.007533;       0.005981;       0.011600;       0.004591;       0.016715;       4.407238;       2.607895;       2.908726;       3.544456;       6.253425;       3.885409;       2.660021;       3.331982;       2.429219;       4.224075;       1.240244;       6.154945;    1250.981445;    1421.473267;    1544.921265;    1528.470337;    1495.583496;    1393.909668;    1324.209229;    1277.035156;    1183.301514;    1060.985718;     787.101196;    1072.816772
ChesapeakeBay_88_b_oc;ChesapeakeBay;MichaelOndrusek ;    38.841;   -76.434;20080812T123740Z;P11100100;M111011002101112022;     4.000;    63.953;       0.002924;       0.004180;       0.005793;       0.006923;       0.011552;       0.007626;       0.005608;       0.006692;       0.004780;       0.000377;       0.000446;       0.001122;       1.235211;       2.042632;       3.176475;       3.794877;       6.322026;       3.769318;       2.609317;       2.977777;       1.953808;       0.137976;       0.121014;       0.415826;    1258.972290;    1430.622437;    1554.873291;    1538.615967;    1505.537720;    1402.624390;    1332.575684;    1284.817505;    1190.959595;    1066.883423;     791.285156;    1080.245483
ChesapeakeBay_89_b_oc;ChesapeakeBay;MichaelOndrusek ;    38.841;   -76.434;20080812T123855Z;P11100100;M111011002101112022;     4.000;    63.758;       0.008762;       0.005947;       0.005913;       0.006965;       0.011763;       0.007991;       0.005931;       0.007535;       0.005795;       0.003140;       0.001846;       0.008559;       3.705830;       2.909161;       3.245675;       3.821614;       6.442277;       3.953937;       2.763929;       3.356959;       2.372065;       1.151974;       0.502293;       3.175171;    1260.620972;    1432.237305;    1556.752930;    1540.369873;    1507.099731;    1404.710938;    1335.075195;    1286.796875;    1192.964233;    1069.206909;     793.172729;    1081.197754
ChesapeakeBay_90_b_oc;ChesapeakeBay;MichaelOndrusek ;    38.804;   -76.424;20080918T110328Z;P11100100;M111011002101112022;     4.000;    88.057;       0.004139;       0.004960;       0.007775;       0.009373;       0.013276;       0.008059;       0.005914;       0.006608;       0.004141;       0.000701;       0.001495;       0.000854;       1.260416;       1.765810;       3.151976;       3.799127;       5.402987;       2.968061;       2.065838;       2.206690;       1.267666;       0.190807;       0.289043;       0.234926;     900.094971;    1032.904785;    1135.524048;    1123.170898;    1101.034058;    1026.115723;     981.524109;     944.715332;     874.138489;     777.631592;     552.000183;     785.909668
ChesapeakeBay_91_b_oc;ChesapeakeBay;MichaelOndrusek ;    38.804;   -76.424;20080918T110424Z;P11100100;M111011002101112022;     4.000;    87.862;       0.000735;       0.001295;       0.003052;       0.004105;       0.006807;       0.003618;       0.002325;       0.002492;       0.001405;       0.000470;       0.000650;       0.000518;       0.224013;       0.461578;       1.238149;       1.665508;       2.772133;       1.333766;       0.812894;       0.833009;       0.430179;       0.127984;       0.125954;       0.142699;     901.200317;    1034.034668;    1136.419922;    1124.249512;    1101.841553;    1027.171631;     982.446655;     945.827881;     874.327026;     778.275513;     552.980469;     786.522827
ChesapeakeBay_92_b_oc;ChesapeakeBay;MichaelOndrusek ;    38.804;   -76.424;20080918T114725Z;P11100100;M111011002101112022;     4.000;    79.501;       0.001776;       0.002410;       0.004589;       0.005820;       0.008946;       0.004854;       0.003561;       0.003946;       0.002297;       0.000149;       0.000202;       0.003512;       0.593706;       0.938605;       2.027137;       2.571406;       3.967049;       1.947169;       1.350556;       1.431056;       0.764281;       0.044187;       0.043035;       1.049897;     987.838135;    1129.712891;    1237.387939;    1224.279663;    1199.731201;    1117.741211;    1065.785767;    1026.066650;     950.009277;     845.341675;     608.272583;     853.767456
ChesapeakeBay_93_b_oc;ChesapeakeBay;MichaelOndrusek ;    38.804;   -76.424;20080918T114844Z;P11100100;M111011002101112022;     4.000;    79.307;       0.001703;       0.002405;       0.004461;       0.005694;       0.008739;       0.004794;       0.003436;       0.003821;       0.002270;       0.000135;       0.001146;       0.000461;       0.563229;       0.925666;       1.945319;       2.482534;       3.822570;       1.896100;       1.284429;       1.365569;       0.744133;       0.039400;       0.240681;       0.135780;     977.421021;    1116.535645;    1221.555908;    1208.080078;    1183.342285;    1102.012451;    1050.287598;    1010.904907;     936.108643;     833.583740;     599.742432;     841.291626
ChesapeakeBay_94_b_oc;ChesapeakeBay;MichaelOndrusek ;    38.804;   -76.424;20080918T115115Z;P11100100;M111011002101112022;     4.000;    78.726;       0.003571;       0.004776;       0.007727;       0.009360;       0.013508;       0.007606;       0.005685;       0.006008;       0.003780;       0.000350;       0.000262;       0.000354;       1.202525;       1.871412;       3.432471;       4.156689;       6.019448;       3.064613;       2.164471;       2.187204;       1.262839;       0.103923;       0.056144;       0.106147;     995.175232;    1136.898315;    1244.320801;    1230.493042;    1205.609619;    1122.611450;    1069.793579;    1029.800781;     953.928223;     848.455688;     610.989746;     856.886719
ChesapeakeBay_95_b_oc;ChesapeakeBay;MichaelOndrusek ;    38.813;   -76.429;20081007T113118Z;P11100100;M111011002101112022;     5.000;    86.114;       0.007475;       0.008834;       0.013223;       0.015249;       0.020443;       0.014169;       0.010099;       0.010253;       0.007576;       0.003919;       0.001781;       0.002819;       2.107365;       2.898678;       4.913776;       5.664395;       7.576449;       4.733253;       3.202901;       3.097935;       2.160293;       0.960730;       0.306922;       0.697053;     833.252258;     951.997192;    1040.862061;    1029.315063;    1002.680298;     930.729004;     891.168762;     854.779602;     814.276428;     700.092224;     491.997406;     706.184631
ChesapeakeBay_96_b_oc;ChesapeakeBay;MichaelOndrusek ;    38.812;   -76.429;20081007T113355Z;P11100100;M111011002101112022;     5.000;    85.731;       0.004621;       0.006287;       0.010369;       0.012191;       0.016957;       0.011629;       0.008110;       0.008019;       0.005751;       0.001354;       0.002032;       0.002204;       1.349449;       2.142537;       4.011236;       4.717877;       6.560210;       4.059423;       2.688470;       2.533759;       1.711989;       0.347032;       0.366360;       0.570542;     863.134460;     988.757935;    1083.632568;    1072.298340;    1046.647095;     972.571350;     931.553833;     893.888489;     850.076660;     731.971436;     514.969666;     739.234131
ChesapeakeBay_97_b_oc;ChesapeakeBay;MichaelOndrusek ;    38.812;   -76.429;20081007T113451Z;P11100100;M111011002101112022;     5.000;    85.539;       0.003482;       0.005083;       0.008745;       0.010411;       0.014816;       0.009901;       0.006716;       0.006709;       0.004572;       0.000206;       0.000652;       0.009388;       1.026581;       1.749033;       3.416762;       4.070005;       5.790594;       3.493181;       2.249974;       2.142556;       1.376008;       0.053297;       0.119037;       2.455956;     871.367920;     998.209595;    1094.399414;    1083.208618;    1057.337524;     983.021729;     941.436279;     903.491699;     859.480530;     739.994202;     521.308838;     747.047058
ChesapeakeBay_98_b_oc;ChesapeakeBay;MichaelOndrusek ;    38.812;   -76.429;20081007T113542Z;P11100100;M111011002101112022;     5.000;    85.348;       0.005826;       0.007840;       0.011975;       0.013827;       0.018680;       0.012918;       0.009133;       0.009153;       0.006653;       0.001370;       0.000483;       0.001658;       1.723169;       2.705962;       4.691545;       5.419270;       7.318542;       4.567400;       3.067225;       2.930306;       2.007599;       0.355556;       0.088235;       0.434456;     874.144775;    1001.369873;    1097.431274;    1086.015747;    1059.946045;     985.112976;     943.747620;     905.720886;     861.692383;     741.338867;     522.012451;     748.298218
ChesapeakeBay_99_b_oc;ChesapeakeBay;MichaelOndrusek ;    38.829;   -76.423;20081007T115300Z;P11100100;M111011002101112022;     3.000;    81.921;       0.004297;       0.005440;       0.008280;       0.009624;       0.013237;       0.008052;       0.005595;       0.006266;       0.004124;       0.000403;       0.000286;       0.000355;       1.311428;       1.936368;       3.342559;       3.887862;       5.345991;       2.935154;       1.934877;       2.065814;       1.282223;       0.107756;       0.054091;       0.095958;     902.101135;    1032.695312;    1130.776611;    1119.435303;    1092.603516;    1015.592896;     971.808533;     932.706848;     887.882935;     763.803467;     539.584473;     771.356445
ChesapeakeBay_100_b_oc;ChesapeakeBay;MichaelOndrusek ;    38.829;   -76.423;20081007T115357Z;P11100100;M111011002101112022;     3.000;    81.921;       0.001198;       0.001863;       0.003831;       0.004783;       0.007382;       0.004105;       0.002574;       0.002926;       0.001707;       0.000127;       0.000672;       0.000102;       0.359674;       0.650663;       1.512921;       1.887720;       2.905654;       1.454529;       0.863713;       0.935418;       0.514768;       0.032772;       0.122919;       0.026558;     887.007324;    1013.128174;    1106.209717;    1093.611084;    1064.833984;     987.128418;     942.943237;     904.413147;     860.911743;     739.710693;     522.054504;     745.698364
ChesapeakeBay_101_b_oc;ChesapeakeBay;MichaelOndrusek ;    38.829;   -76.423;20081007T115547Z;P11100100;M111011002101112022;     3.000;    81.543;       0.003991;       0.004967;       0.007819;       0.009119;       0.012693;       0.007645;       0.005200;       0.005620;       0.003743;       0.000367;       0.000257;       0.000583;       1.242385;       1.804726;       3.225766;       3.764174;       5.238199;       2.848622;       1.837712;       1.893612;       1.190128;       0.100473;       0.049604;       0.160865;     920.064575;    1054.168701;    1155.540894;    1143.731323;    1116.453857;    1038.195801;     992.991089;     953.242065;     907.952393;     780.922363;     551.938354;     788.410400
ChesapeakeBay_102_b_oc;ChesapeakeBay;MichaelOndrusek ;    38.829;   -76.423;20081007T115639Z;P11100100;M111011002101112022;     3.000;    81.354;       0.003881;       0.005027;       0.008246;       0.009765;       0.013840;       0.008295;       0.005606;       0.006203;       0.004069;       0.000523;       0.000588;       0.001335;       1.212489;       1.832664;       3.410853;       4.043601;       5.727386;       3.098224;       1.986308;       2.095364;       1.297327;       0.143277;       0.113959;       0.369455;     923.274902;    1057.592896;    1158.653809;    1147.409790;    1119.620239;    1040.695679;     995.560547;     955.551758;     910.423462;     782.845764;     553.327393;     790.424500
ChesapeakeBay_103_b_oc;ChesapeakeBay;MichaelOndrusek ;    38.843;   -76.438;20081023T120120Z;P11100100;M111011002101112022;     4.000;    83.663;       0.006543;       0.008069;       0.011952;       0.013613;       0.018812;       0.014730;       0.009834;       0.010590;       0.008692;       0.001286;       0.001030;       0.001203;       1.764994;       2.551347;       4.312510;       4.914513;       6.792290;       4.812615;       3.058551;       3.139625;       2.414948;       0.308662;       0.171682;       0.291062;     797.298218;     917.272034;    1010.708740;    1000.330933;     976.804260;     910.283752;     873.993652;     838.672729;     793.358704;     685.142883;     476.050568;     690.959534
ChesapeakeBay_104_b_oc;ChesapeakeBay;MichaelOndrusek ;    38.843;   -76.438;20081023T120213Z;P11100100;M111011002101112022;     4.000;    83.480;       0.006178;       0.007990;       0.011929;       0.013628;       0.018752;       0.014706;       0.009703;       0.010290;       0.008543;       0.001046;       0.001709;       0.001694;       1.696204;       2.572711;       4.387577;       5.017191;       6.905075;       4.902647;       3.079150;       3.113009;       2.421400;       0.256158;       0.290555;       0.418396;     811.442871;     934.145630;    1030.214355;    1020.086060;     996.218750;     928.810669;     891.749878;     855.817749;     809.430786;     699.065308;     485.435333;     705.205811
ChesapeakeBay_105_b_oc;ChesapeakeBay;MichaelOndrusek ;    38.843;   -76.438;20081023T120307Z;P11100100;M111011002101112022;     4.000;    83.297;       0.006528;       0.007977;       0.012032;       0.013794;       0.019156;       0.014913;       0.010029;       0.010997;       0.008902;       0.001032;       0.001031;       0.002065;       1.796647;       2.575594;       4.439160;       5.095368;       7.080159;       4.991858;       3.196818;       3.342343;       2.533935;       0.253943;       0.176210;       0.512530;     813.356384;     936.770874;    1033.469727;    1023.576538;     999.963318;     932.590637;     895.705811;     859.830261;     812.893677;     702.672668;     488.125183;     708.661804
ChesapeakeBay_106_b_oc;ChesapeakeBay;MichaelOndrusek ;    38.843;   -76.438;20081023T120404Z;P11100100;M111011002101112022;     4.000;    83.115;       0.004659;       0.006310;       0.010064;       0.011707;       0.016669;       0.012778;       0.008214;       0.008919;       0.007204;       0.000812;       0.000489;       0.000734;       1.280224;       2.033583;       3.704463;       4.313451;       6.143898;       4.263458;       2.610140;       2.701341;       2.044328;       0.199155;       0.083319;       0.181449;     812.198364;     935.036926;    1031.066284;    1020.963013;     997.173767;     929.626404;     892.878723;     856.815430;     810.411133;     700.078857;     486.389221;     706.294006
ChesapeakeBay_107_b_oc;ChesapeakeBay;MichaelOndrusek ;    38.843;   -76.438;20081023T120502Z;P11100100;M111011002101112022;     4.000;    82.933;       0.006509;       0.008500;       0.013360;       0.015456;       0.021781;       0.016728;       0.010606;       0.011353;       0.009413;       0.000888;       0.001528;       0.004528;       1.795913;       2.750573;       4.937459;       5.717103;       8.059587;       5.603715;       3.382489;       3.452316;       2.681749;       0.218690;       0.261343;       1.124274;     815.468811;     938.827576;    1035.180542;    1024.969727;    1001.068054;     933.339600;     896.158142;     860.258240;     813.542358;     702.885132;     488.330719;     708.988098
ChesapeakeBay_108_b_oc;ChesapeakeBay;MichaelOndrusek ;    38.850;   -76.466;20081023T122512Z;P11100100;M111011002101112022;     2.000;    79.354;       0.008024;       0.009148;       0.012871;       0.014672;       0.020043;       0.016111;       0.010914;       0.011552;       0.010063;       0.002182;       0.004065;       0.002334;       2.232335;       2.983524;       4.794950;       5.476106;       7.501549;       5.456315;       3.517589;       3.549366;       2.898444;       0.543215;       0.704032;       0.586028;     822.195129;     946.138916;    1043.522705;    1034.215332;    1012.569214;     943.608032;     905.695496;     869.223389;     822.508789;     710.895691;     494.599670;     716.904236
ChesapeakeBay_109_b_oc;ChesapeakeBay;MichaelOndrusek ;    38.850;   -76.466;20081023T122549Z;P11100100;M111011002101112022;     2.000;    79.354;       0.004748;       0.006073;       0.009490;       0.011095;       0.015937;       0.012617;       0.008290;       0.009038;       0.007455;       0.001125;       0.000789;       0.001123;       1.338570;       2.009407;       3.590099;       4.203671;       6.055810;       4.335809;       2.711010;       2.817548;       2.178187;       0.283917;       0.138658;       0.285791;     833.169189;     959.896790;    1059.639038;    1049.859497;    1028.019531;     957.454346;     918.874634;     881.892944;     834.316101;     720.884460;     501.605194;     726.841980
ChesapeakeBay_110_b_oc;ChesapeakeBay;MichaelOndrusek ;    38.850;   -76.466;20081023T122608Z;P11100100;M111011002101112022;     2.000;    79.177;       0.006156;       0.007607;       0.011230;       0.013011;       0.018376;       0.014548;       0.009559;       0.010442;       0.008704;       0.001223;       0.003149;       0.004291;       1.740304;       2.522134;       4.255774;       4.940958;       6.996210;       5.008237;       3.130865;       3.258321;       2.545865;       0.309139;       0.553629;       1.093126;     835.543274;     961.836670;    1061.473022;    1052.258423;    1030.017334;     959.171448;     920.349365;     882.786133;     835.288452;     721.883911;     502.114197;     727.459351
ChesapeakeBay_111_b_oc;ChesapeakeBay;MichaelOndrusek ;    38.850;   -76.466;20081023T122627Z;P11100100;M111011002101112022;     2.000;    79.177;       0.006664;       0.007492;       0.011370;       0.013109;       0.018408;       0.014504;       0.009533;       0.010281;       0.008650;       0.000855;       0.000851;       0.001649;       1.872575;       2.467859;       4.280033;       4.942092;       6.956875;       4.952618;       3.097211;       3.184544;       2.509908;       0.214441;       0.148361;       0.416414;     830.496460;     955.640320;    1054.366699;    1044.603394;    1022.440430;     951.393433;     912.939392;     876.253357;     828.624878;     715.867981;     498.060852;     721.260742
ChesapeakeBay_112_b_oc;ChesapeakeBay;MichaelOndrusek ;    38.850;   -76.466;20081023T122646Z;P11100100;M111011002101112022;     2.000;    79.177;       0.006564;       0.007664;       0.010889;       0.012601;       0.017325;       0.013501;       0.009030;       0.010132;       0.008123;       0.002466;       0.002673;       0.000604;       1.856762;       2.543408;       4.130297;       4.786227;       6.597651;       4.648536;       2.957085;       3.163058;       2.376328;       0.622871;       0.469800;       0.154005;     835.976929;     962.778687;    1062.465088;    1052.486328;    1030.292725;     959.328918;     920.233032;     883.158630;     835.397888;     721.191895;     501.986023;     727.577148
